name,city,province,website,source,note
Al Joher,Toronto,ON,https://aljoher.ca/,websearch,by appointment custom engagement rings
Anne Sportun Fine Jewellery,Toronto,ON,https://www.annesportun.com/,websearch,in-house master goldsmiths
Made You Look Jewellery,Toronto,ON,https://www.madeyoulook.ca/,websearch,represents 100+ local designers, in-house goldsmiths, repairs
EG Bespoke (Emily Gill),Toronto,ON,https://emilygill.ca/,websearch,bespoke fine jewellery
Alexis Gallery,Toronto,ON,https://www.alexisgallery.com/,websearch,owner is goldsmith and gemologist
Pamela Lauz Jewellery,Toronto,ON,https://pamelalauz.com/,websearch,Leslieville studio, GIA certified
Solitaire x Alex Armen,Toronto,ON,https://solitairejewellery.com/,websearch,by appointment
Linara Custom Jewellery,Toronto,ON,https://linara.ca/,websearch,bespoke
OROSERGIO,Toronto,ON,https://www.orosergio.com/,websearch,master goldsmith, all stages in-house
Ecksand,Montreal,QC,https://ecksand.com/,websearch,Diamond district, recycled gold, atelier
Donj Jewellery,Montreal,QC,https://donjjewellery.com/,websearch,also Vancouver location
LOFT.bijoux,Montreal,QC,https://loftbijoux.com/,websearch,atelier-boutique Plateau 3910 Saint-Denis
MYEL Design,Montreal,QC,https://myeldesign.com/,websearch,ethical, designer-led
Flamme en Rose,Montreal,QC,https://flammeenrose.com/,websearch,founded 2009 by two ecole de joaillerie grads
Dominic Dufour Joaillier,Montreal,QC,https://www.dominicdufourjoaillier.com/,websearch,sur mesure, remodelage, reparation
Sarah Bijoux,Montreal,QC,https://sarahbijoux.ca/,rethinking-doc,reference ICP customer, Shopify, FR-first, Blvd Saint-Laurent
Palladio Jewellers,Vancouver,BC,https://palladiojewellers.com/,websearch,900 W Hastings, showroom plus atelier, repairs
Independent Goldsmith,Vancouver,BC,https://www.independentgoldsmith.com/,websearch,custom designs
Era Design,Vancouver,BC,https://www.eradesign.ca/,websearch,est 2003, ethical diamonds, custom rings
Juvelisto Design,Vancouver,BC,https://juvelisto.com/,websearch,design studio, lead designer 20+ yrs
LL Private Jewellers,Vancouver,BC,https://llprivatejewellers.com/,websearch,downtown custom design studio
Costen Catbalue,Vancouver,BC,https://www.costencatbalue.com/,websearch,goldsmiths and design
Creative Goldsmiths,Langley,BC,https://creativegoldsmiths.ca/,websearch,award-winning artisan
Ferguson Jewellery,Calgary,AB,https://fergusonjewellery.com/,websearch,custom made on premises
Davidson Jewels,Calgary,AB,https://www.davidsonjewels.com/,websearch,master goldsmith 35+ yrs
Troy Shoppe Jewellers,Calgary,AB,https://troyshoppejewellers.com/,websearch,custom design
Studio Jewellers,Calgary,AB,https://studiojewellers.com/,websearch,master jeweller 40+ yrs
Adamas Goldsmiths,Edmonton,AB,https://www.adamasgold.com/,websearch,46 yrs, wax carving and casting in studio, repairs
Mark Katzeff Designs,Edmonton,AB,https://markkatzeffdesigns.com/,websearch,custom designer goldsmith
Lim Goldsmiths,Edmonton,AB,https://www.limgoldsmiths.com/,websearch,Edmonton and Calgary, in-house
Jewellery Clinic,,,,rethinking-doc,existing customer, unsolicited testimonial, url unknown
Russell Jewellers,,,,rethinking-doc,existing customer, unsolicited testimonial, url unknown
