name,address,website,phone,score,tier,signals
Flamme en Rose,"Montreal, QC",https://flammeenrose.com/,,11,A,shopify instagram custom repair french booking
Made You Look Jewellery,"Toronto, ON",https://www.madeyoulook.ca/,,10,A,shopify instagram custom repair french
LL Private Jewellers,"Vancouver, BC",https://llprivatejewellers.com/,,10,A,shopify instagram custom repair booking
Ecksand,"Montreal, QC",https://ecksand.com/,,10,A,shopify instagram custom repair french
Era Design,"Vancouver, BC",https://www.eradesign.ca/,,10,A,shopify instagram custom repair booking
Adamas Goldsmiths,"Edmonton, AB",https://www.adamasgold.com/,,9,A,shopify instagram custom repair
Pamela Lauz Jewellery,"Toronto, ON",https://pamelalauz.com/,,9,A,shopify instagram custom repair
Juvelisto Design,"Vancouver, BC",https://juvelisto.com/,,9,A,shopify instagram custom repair
LOFT.bijoux,"Montreal, QC",https://loftbijoux.com/,,9,A,shopify instagram custom french booking
MYEL Design,"Montreal, QC",https://myeldesign.com/,,9,A,shopify instagram custom french booking
Sarah Bijoux,"Montreal, QC",https://sarahbijoux.ca/,,9,A,shopify instagram custom french booking
Studio Jewellers,"Calgary, AB",https://studiojewellers.com/,,8,A,instagram custom repair booking diy-platform
Davidson Jewels,"Calgary, AB",https://www.davidsonjewels.com/,,8,A,shopify instagram custom booking
Ferguson Jewellery,"Calgary, AB",https://fergusonjewellery.com/,,8,A,instagram custom repair booking diy-platform
Creative Goldsmiths,"Langley, BC",https://creativegoldsmiths.ca/,,8,A,instagram custom repair booking diy-platform
Dominic Dufour Joaillier,"Montreal, QC",https://www.dominicdufourjoaillier.com/,,8,A,instagram custom repair french booking
Linara Custom Jewellery,"Toronto, ON",https://linara.ca/,,8,A,instagram custom repair booking diy-platform
Al Joher,"Toronto, ON",https://aljoher.ca/,,8,A,shopify instagram custom booking
Palladio Jewellers,"Vancouver, BC",https://palladiojewellers.com/,,7,B,instagram custom repair booking
Independent Goldsmith,"Vancouver, BC",https://www.independentgoldsmith.com/,,7,B,instagram custom repair diy-platform
OROSERGIO,"Toronto, ON",https://www.orosergio.com/,,7,B,instagram custom repair booking
Alexis Gallery,"Toronto, ON",https://www.alexisgallery.com/,,7,B,instagram custom repair diy-platform
EG Bespoke (Emily Gill),"Toronto, ON",https://emilygill.ca/,,7,B,shopify instagram custom
Troy Shoppe Jewellers,"Calgary, AB",https://troyshoppejewellers.com/,,7,B,instagram custom repair diy-platform
Anne Sportun Fine Jewellery,"Toronto, ON",https://www.annesportun.com/,,7,B,shopify custom repair
Mark Katzeff Designs,"Edmonton, AB",https://markkatzeffdesigns.com/,,7,B,instagram custom repair booking
Lim Goldsmiths,"Edmonton, AB",https://www.limgoldsmiths.com/,,6,B,instagram custom booking diy-platform
Donj Jewellery,"Montreal, QC",https://donjjewellery.com/,,5,B,custom french booking diy-platform
Costen Catbalue,"Vancouver, BC",https://www.costencatbalue.com/,,2,C,custom
Solitaire x Alex Armen,"Toronto, ON",https://solitairejewellery.com/,,0,C,""
